{"stats":{"minecraft:dropped":{"minecraft:iron_sword":4,"minecraft:porkchop":11,"mutantmonsters:creeper_shard":1,"minecraft:saddle":1,"minecraft:red_mushroom":24,"paladins:golden_mace":1,"twigs:pebble":2,"minecraft:dirt":177,"minecraft:gold_nugget":11,"travelersbackpack:backpack_tank":2,"regions_unexplored:redstone_bulb":1,"mutantmonsters:hulk_hammer":1,"minecraft:iron_nugget":2,"minecraft:cobbled_deepslate":1,"indrev:lead_shovel":1,"minecraft:hopper":1,"minecraft:leather_boots":1,"minecraft:leather_leggings":2,"ironchests:copper_chest_upgrade":1,"minecraft:beef":1,"minecraft:enchanted_book":1,"minecraft:iron_ingot":7,"minecraft:wheat_seeds":1,"minecraft:cobblestone":3,"minecraft:granite":4,"minecraft:chainmail_helmet":1,"minecraft:coal_block":1,"techreborn:rubber":1,"regions_unexplored:redwood_log":6,"minecraft:string":1,"minecraft:iron_boots":2,"minecraft:name_tag":10,"minecraft:oak_sign":9,"minecraft:lily_of_the_valley":4,"travelersbackpack:emerald":1,"bewitchment:mandrake_seeds":1,"minecraft:yellow_bed":1,"minecraft:barrel":3,"spellbladenext:arcane_blade":1,"artifacts:fire_gauntlet":1,"minecraft:brown_mushroom":1,"modern_industrialization:bauxite_dust":2,"minecraft:oak_log":6,"minecraft:leather":4,"minecraft:iron_horse_armor":1,"artifacts:night_vision_goggles":1,"minecraft:netherite_scrap":1,"minecraft:cornflower":1,"twigs:twig":49,"minecraft:gravel":1,"simplyswords:arcanethyst":1,"minecraft:poppy":34,"minecraft:oak_slab":7,"techreborn:refined_iron_storage_block":1,"minecraft:golden_helmet":2,"minecraft:mossy_cobblestone":1,"minecraft:stick":17,"minecraft:diorite":10,"minecraft:torch":2,"techreborn:electric_furnace":1,"minecraft:polished_blackstone_brick_slab":1,"minecraft:bucket":3,"minecraft:redstone":12,"techreborn:sap":1,"minecraft:anvil":1,"minecraft:oak_button":9,"fishofthieves:earthworms":7,"archon:scorch_tome":1,"minecraft:oak_boat":1,"minecraft:golden_sword":1,"minecraft:diamond_boots":2,"minecraft:stone_pickaxe":1},"minecraft:custom":{"minecraft:interact_with_crafting_table":137,"minecraft:eat_cake_slice":1,"minecraft:leave_game":24,"minecraft:time_since_death":47781,"minecraft:damage_blocked_by_shield":135,"minecraft:play_time":732944,"minecraft:deaths":28,"minecraft:jump":3333,"minecraft:interact_with_furnace":12,"minecraft:traded_with_villager":18,"minecraft:sleep_in_bed":14,"minecraft:damage_dealt":44895,"minecraft:interact_with_smithing_table":7,"minecraft:sneak_time":8092,"minecraft:interact_with_blast_furnace":42,"minecraft:total_world_time":732944,"minecraft:time_since_rest":47813,"minecraft:swim_one_cm":55385,"minecraft:fly_one_cm":297408,"minecraft:open_chest":614,"minecraft:fall_one_cm":85717,"lootr:looted_stat":65,"minecraft:damage_resisted":0,"minecraft:sprint_one_cm":528976,"minecraft:drop":111,"minecraft:talked_to_villager":14,"minecraft:walk_on_water_one_cm":54877,"minecraft:interact_with_loom":1,"minecraft:crouch_one_cm":24977,"minecraft:mob_kills":178,"minecraft:damage_dealt_resisted":0,"minecraft:climb_one_cm":6944,"minecraft:walk_one_cm":2332125,"minecraft:walk_under_water_one_cm":54012,"minecraft:raid_trigger":1,"minecraft:hex":0,"minecraft:damage_taken":10010,"minecraft:threat":6},"minecraft:mined":{"minecraft:pink_bed":1,"minecraft:obsidian":26,"minecraft:granite":24,"minecraft:nether_wart":2,"minecraft:spawner":1,"minecraft:polished_blackstone_bricks":11,"regions_unexplored:pointed_redstone":1,"minecraft:fire":1,"techreborn:deepslate_lead_ore":4,"minecraft:pumpkin":4,"techreborn:basic_solar_panel":2,"minecraft:deepslate_lapis_ore":1,"techreborn:extractor":3,"minecraft:enchanting_table":1,"techreborn:rubber_fence":1,"minecraft:dirt_path":10,"minecraft:oak_stairs":18,"powah:uraninite_ore_poor":11,"minecraft:iron_block":1,"modern_industrialization:deepslate_bauxite_ore":3,"modern_industrialization:nuclear_reactor":1,"croptopia:starfruit_crop":1,"minecraft:cut_sandstone":20,"minecraft:brown_mushroom":1,"techreborn:deepslate_bauxite_ore":2,"minecraft:smoker":1,"minecraft:amethyst_cluster":4,"minecraft:torch":9,"create:scoria":5,"minecraft:glass":4,"minecraft:sugar_cane":9,"minecraft:amethyst_block":7,"powah:deepslate_uraninite_ore_poor":1,"techreborn:silver_ore":15,"minecraft:grass":57,"modern_industrialization:salt_ore":2,"techreborn:iron_alloy_furnace":1,"minecraft:smooth_basalt":4,"minecraft:deepslate":5,"techreborn:rubber_sapling":2,"techreborn:sapphire_ore":4,"create:zinc_ore":33,"minecraft:stripped_birch_log":1,"modern_industrialization:bauxite_ore":6,"techreborn:electric_furnace":1,"techreborn:bauxite_ore":17,"minecraft:redstone_ore":11,"techreborn:lead_ore":8,"minecraft:andesite":29,"betternether:pig_statue_respawner":1,"minecraft:vine":1,"ad_astra:sky_stone":7,"regions_unexplored:windswept_grass":21,"minecraft:oak_slab":30,"techreborn:deepslate_silver_ore":4,"minecraft:soul_sand":6,"minecraft:smooth_sandstone":6,"minecraft:tall_grass":5,"minecraft:copper_ore":25,"minecraft:deepslate_gold_ore":2,"minecraft:diorite":18,"minecraft:coarse_dirt":6,"techreborn:rubber_leaves":66,"powah:furnator_starter":1,"techreborn:ruby_ore":9,"techreborn:copper_cable":3,"minecraft:gravel":31,"minecraft:cobweb":1,"minecraft:polished_blackstone":2,"techreborn:resin_basin":2,"betternether:barrel_cactus":1,"minecraft:fern":2,"techreborn:iron_furnace":1,"minecraft:cobblestone_stairs":2,"minecraft:budding_amethyst":3,"minecraft:grass_block":110,"modern_industrialization:deepslate_lead_ore":12,"modern_industrialization:lignite_coal_ore":28,"minecraft:soul_soil":6,"betternether:cincinnasite_ore":7,"minecraft:gilded_blackstone":7,"minecraft:glowstone":22,"minecraft:iron_ore":28,"minecraft:anvil":1,"supplementaries:stick":1,"ironchests:crystal_chest":1,"minecraft:deepslate_redstone_ore":6,"minecraft:blackstone":6,"techreborn:basic_machine_frame":1,"minecraft:clay":4,"indrev:nikolite_ore":4,"minecraft:calcite":2,"techreborn:deepslate_tin_ore":8,"minecraft:poppy":1,"minecraft:chest":1,"minecraft:nether_quartz_ore":16,"minecraft:cobblestone":26,"minecraft:oak_planks":57,"minecraft:wall_torch":5,"minecraft:deepslate_copper_ore":5,"modern_industrialization:deepslate_lignite_coal_ore":1,"techreborn:compressor":1,"minecraft:oak_log":46,"techreborn:galena_ore":3,"minecraft:sand":18,"minecraft:dirt":347,"techreborn:insulated_copper_cable":1,"minecraft:netherrack":58,"soulsweapons:verglas_ore":2,"minecraft:nether_gold_ore":7,"minecraft:crying_obsidian":1,"minecraft:candle":2,"minecraft:decorated_pot":1,"techreborn:solid_fuel_generator":2,"regions_unexplored:raw_redstone_block":5,"minecraft:sandstone":27,"minecraft:hay_block":20,"minecraft:furnace":2,"minecraft:polished_basalt":1,"minecraft:chiseled_sandstone":4,"treechop:chopped_log":30,"minecraft:peony":1,"minecraft:gold_block":3,"minecraft:bookshelf":4,"minecraft:deepslate_iron_ore":12,"bewitchment:salt_ore":18,"minecraft:stripped_oak_log":8,"regions_unexplored:medium_grass":12,"minecraft:stone":512,"regions_unexplored:redstone_bulb":1,"minecraft:podzol":7,"minecraft:basalt":2,"minecraft:oak_fence":26,"minecraft:crafting_table":3,"botania:yellow_double_flower":1,"modern_industrialization:lead_ore":40,"minecraft:rose_bush":2,"modern_industrialization:nickel_ore":2,"minecraft:lapis_ore":4,"minecraft:polished_blackstone_brick_stairs":3,"minecraft:sculk":2,"techreborn:tin_ore":79,"supplementaries:urn":1,"regions_unexplored:redstone_bud":5,"modern_industrialization:antimony_ore":4,"minecraft:yellow_bed":2,"minecraft:coal_ore":65,"botania:yellow_mystical_flower":1,"techreborn:rubber_log":4},"minecraft:killed":{"minecraft:cave_spider":1,"betternether:firefly":4,"naturalist:boar":1,"minecraft:skeleton":9,"naturalist:firefly":1,"minecraft:iron_golem":3,"mutantmonsters:mutant_skeleton":1,"minecraft:pillager":15,"minecraft:zombie":23,"betterend:shadow_walker":1,"minecraft:glow_squid":2,"mutantmonsters:mutant_creeper":1,"minecraft:cow":4,"minecells:mutated_bat":1,"minecraft:vindicator":7,"mutantmonsters:mutant_snow_golem":1,"aqupd:caracal":3,"naturalist:giraffe":1,"minecraft:husk":35,"graveyard:ghoul":2,"mutantmonsters:creeper_minion":1,"minecraft:enderman":1,"minecraft:zombified_piglin":1,"minecraft:spider":1,"minecells:leaping_zombie":1,"minecraft:piglin_brute":4,"minecraft:pig":2,"minecraft:zombie_villager":1,"minecraft:creeper":4,"bewitchment:raven":4,"naturalist:rhino":2,"minecraft:sheep":4,"minecraft:blaze":1,"naturalist:lion":3,"adventurez:amethyst_golem":1,"bewitchment:ghost":2,"minecraft:phantom":2,"friendsandfoes:mauler":1,"mythicmobs:chupacabra":1,"minecraft:drowned":14,"minecraft:hoglin":5,"mutantmonsters:mutant_zombie":1},"minecraft:crafted":{"indrev:lead_shovel":3,"minecraft:smooth_stone":8,"minecraft:oak_sign":9,"techreborn:manual":2,"minecraft:bookshelf":3,"minecraft:iron_bars":32,"fwaystones:abyss_watcher":1,"techreborn:electric_furnace":3,"indrev:lead_axe":1,"techreborn:basic_solar_panel":1,"travelersbackpack:standard":2,"techreborn:plantball":16,"minecraft:smithing_table":1,"minecraft:copper_ingot":13,"minecraft:sticky_piston":1,"farmersdelight:wheat_dough":3,"techreborn:insulated_copper_cable":64,"travelersbackpack:emerald":1,"minecraft:iron_block":94,"minecraft:gold_ingot":9,"powah:capacitor_basic_tiny":10,"powah:dielectric_casing":5,"ironchests:obsidian_chest_upgrade":1,"comforts:sleeping_bag_white":2,"minecraft:bone_meal":30,"techreborn:resin_basin":1,"fwaystones:waystone":1,"techreborn:tin_ingot":10,"minecraft:stone_pickaxe":2,"minecraft:redstone_block":3,"techreborn:iron_alloy_furnace":1,"minecraft:golden_helmet":1,"minecraft:wheat":18,"powah:dielectric_paste":48,"techreborn:refined_iron_storage_block":9,"minecraft:enchanting_table":1,"techreborn:electronic_circuit":16,"techreborn:refined_iron_ingot":100,"minecraft:oak_fence_gate":2,"powah:energy_cell_starter":2,"techreborn:cell":8,"powah:capacitor_basic":12,"minecraft:oak_planks":688,"minecraft:barrel":3,"techreborn:red_cell_battery":4,"techreborn:block_breaker":1,"ironchests:iron_chest_upgrade":1,"powah:furnator_starter":1,"minecraft:cobblestone_stairs":72,"minecraft:stone":9,"techreborn:lead_ingot":8,"techreborn:rubber_slab":6,"minecraft:hopper":3,"techreborn:treetap":10,"minecraft:chest":29,"minecraft:oak_button":9,"minecraft:oak_fence":96,"ironchests:gold_chest_upgrade":1,"minecraft:oak_slab":6,"ironchests:diamond_chest_upgrade":1,"minecraft:crafting_table":6,"mutantmonsters:creeper_minion_tracker":1,"minecraft:wooden_pickaxe":1,"minecraft:birch_planks":20,"techreborn:water_coolant_cell_10k":4,"techreborn:auto_crafting_table":1,"techreborn:rubber_trapdoor":2,"ironchests:crystal_chest_upgrade":1,"techreborn:advanced_circuit":2,"minecraft:diamond_pickaxe":1,"minecraft:stick":224,"minecraft:iron_ingot":116,"techreborn:advanced_solar_panel":1,"techreborn:basic_drill":1,"techreborn:industrial_centrifuge":1,"techreborn:rubber_planks":32,"powah:energy_cell_basic":1,"minecraft:furnace":4,"minecraft:blast_furnace":1,"minecraft:piston":1,"techreborn:grinder":1,"techreborn:overclocker_upgrade":1,"techreborn:extractor":1,"techreborn:compressor":1,"minecraft:glass_pane":16,"ironchests:blank_chest_upgrade":5,"techreborn:basic_machine_frame":9,"minecraft:slime_ball":2,"minecraft:lime_dye":2,"techreborn:solid_fuel_generator":2,"powah:dielectric_rod_horizontal":16,"travelersbackpack:diamond_tier_upgrade":1,"techreborn:iron_furnace":5,"ironchests:copper_chest_upgrade":2,"techreborn:alloy_smelter":1,"techreborn:drain":1,"botania:yellow_petal":4,"travelersbackpack:backpack_tank":5,"indrev:lead_pickaxe":1,"minecraft:bucket":10,"minecraft:air":0,"powah:dielectric_rod":32,"minecraft:oak_boat":1,"minecraft:white_wool":3,"techreborn:copper_cable":30,"minecraft:white_dye":3,"minecraft:acacia_planks":24,"minecraft:torch":100},"minecraft:picked_up":{"regions_unexplored:pointed_redstone":1,"archon:fireball_tome":1,"minecraft:anvil":1,"minecraft:diamond_sword":1,"techreborn:iron_furnace":1,"minecraft:oak_stairs":22,"minecraft:enchanted_book":2,"minecraft:golden_sword":1,"minecraft:amethyst_block":7,"minecraft:polished_blackstone_brick_stairs":6,"minecraft:string":3,"minecraft:soul_soil":6,"minecraft:gold_nugget":37,"minecraft:cobbled_deepslate":12,"minecraft:netherite_upgrade_smithing_template":3,"techreborn:rubber_log":34,"minecraft:coal_block":1,"minecraft:golden_helmet":2,"minecraft:polished_blackstone_brick_slab":7,"minecraft:acacia_log":6,"spellbladenext:flaming_falchion":2,"simplyswords:dormant_relic":1,"regions_unexplored:raw_redstone_block":5,"betternether:cincinnasite":15,"techreborn:basic_machine_frame":1,"mutantmonsters:mutant_skeleton_pelvis":1,"mcdw:double_axe_double":1,"croptopia:persimmon":8,"create:scoria":5,"minecraft:polished_basalt":1,"minecraft:iron_block":1,"minecraft:snowball":18,"powah:furnator_starter":1,"minecraft:birch_log":14,"minecraft:feather":2,"minecraft:smoker":1,"minecraft:flint":9,"fishofthieves:earthworms":67,"modern_industrialization:bauxite_dust":9,"minecraft:glowstone_dust":63,"simplyswords:storms_edge":1,"minecraft:ink_sac":4,"techreborn:rubber":1,"minecraft:white_candle":4,"techreborn:advanced_circuit":2,"minecraft:granite":21,"fishofthieves:leeches":3,"minecraft:chainmail_helmet":1,"archon:scorch_tome":1,"bewitchment:ectoplasm":5,"modern_industrialization:salt_dust":3,"minecraft:crafting_table":4,"modern_industrialization:lignite_coal":21,"minecraft:coarse_dirt":5,"minecraft:nether_wart":12,"minecraft:clay_ball":16,"minecraft:leather_leggings":2,"minecraft:cornflower":2,"techreborn:resin_basin":2,"minecraft:beef":6,"minecraft:poppy":5,"minecraft:iron_nugget":1,"minecraft:birch_sapling":8,"minecraft:chest":1,"minecraft:sandstone":21,"minecraft:stone":17,"prominent:music_disc_coniferus_forest":1,"techreborn:ruby_gem":13,"techreborn:refined_iron_storage_block":1,"minecraft:carrot":1,"minecraft:redstone":105,"mutantmonsters:creeper_shard":2,"minecraft:diamond_chestplate":1,"minecraft:decorated_pot":1,"minecraft:peony":1,"techreborn:iron_alloy_furnace":1,"mcda:phantom_bones":1,"minecraft:diamond_boots":3,"minecraft:hay_block":21,"paladins:golden_mace":1,"minecraft:gold_ingot":1,"minecraft:polished_blackstone":1,"minecraft:mutton":5,"minecraft:white_wool":5,"minecraft:stripped_oak_log":8,"croptopia:glowing_calamari":2,"minecraft:red_mushroom":24,"minecraft:filled_map":1,"minecraft:oak_log":215,"bewitchment:aconite_seeds":2,"mutantmonsters:mutant_skeleton_limb":8,"techreborn:extractor":3,"techreborn:sap":2,"minecraft:apple":5,"minecraft:stone_bricks":4,"techreborn:deepslate_bauxite_ore":2,"minecraft:iron_sword":4,"spellbladenext:arcane_claymore":1,"minecraft:smooth_basalt":4,"minecraft:red_wool":8,"minecraft:gravel":27,"powah:uraninite_raw":12,"minecraft:crying_obsidian":1,"techreborn:red_cell_battery":1,"modern_industrialization:raw_nickel":2,"minecraft:gray_wool":1,"minecraft:ender_pearl":5,"techreborn:raw_tin":88,"betternether:pig_statue_respawner":1,"minecraft:gilded_blackstone":5,"minecraft:raw_copper":118,"mutantmonsters:mutant_skeleton_skull":1,"simplyswords:diamond_twinblade":1,"techreborn:copper_cable":3,"techreborn:galena_ore":3,"spellbladenext:arcane_orb":1,"minecraft:bucket":2,"twigs:pebble":15,"minecraft:rose_bush":2,"minecraft:calcite":2,"modern_industrialization:nuclear_reactor":2,"techreborn:overclocker_upgrade":6,"minecraft:ender_eye":3,"regions_unexplored:redwood_log":6,"minecraft:iron_boots":2,"minecraft:furnace":2,"minecraft:stick":16,"twigs:silt_ball":8,"minecraft:oak_fence":31,"minecraft:torch":55,"botania:yellow_mystical_flower":1,"simplyswords:arcanethyst":1,"travelersbackpack:diamond_tier_upgrade":1,"minecraft:porkchop":18,"minecraft:diorite":27,"mutantmonsters:hulk_hammer":1,"minecraft:rotten_flesh":51,"mutantmonsters:mutant_skeleton_shoulder_pad":2,"minecraft:obsidian":23,"minecraft:cobblestone":528,"minecraft:nautilus_shell":2,"minecraft:enchanting_table":1,"minecraft:andesite":10,"minecraft:potato":1,"create:raw_zinc":28,"minecraft:dirt":581,"minecraft:lapis_lazuli":31,"minecraft:stripped_birch_log":1,"minecraft:name_tag":10,"minecraft:leather_boots":1,"minecraft:bone":11,"travelersbackpack:backpack_tank":1,"minecraft:wheat_seeds":15,"minecraft:raw_gold":2,"twigs:twig":78,"minecraft:oak_planks":59,"techreborn:solid_fuel_generator":3,"botania:yellow_double_flower":1,"techreborn:raw_lead":12,"simplyswords:shadowsting":1,"minecraft:sand":19,"techreborn:data_storage_chip":10,"minecraft:grass_block":1,"minecraft:lily_of_the_valley":4,"techreborn:rubber_sapling":15,"techreborn:sapphire_gem":5,"minecraft:chiseled_sandstone":2,"techreborn:red_garnet_gem":5,"minecraft:mossy_cobblestone":1,"techreborn:bauxite_ore":16,"techreborn:peridot_gem":2,"beachparty:rubber_ring_pelican":1,"minecraft:cracked_polished_blackstone_bricks":1,"minecraft:bone_meal":4,"soulsweapons:verglas":2,"minecraft:emerald":9,"minecraft:oak_sapling":61,"indrev:nikolite_dust":20,"minecraft:netherrack":48,"minecraft:fishing_rod":1,"minecraft:charcoal":2,"minecraft:splash_potion":1,"techreborn:compressor":1,"minecraft:brown_mushroom":5,"minecraft:gold_block":4,"ad_astra:sky_stone":6,"techreborn:electric_furnace":2,"minecraft:oak_trapdoor":1,"minecraft:iron_axe":1,"minecraft:item_frame":4,"minecraft:blackstone":3,"artifacts:fire_gauntlet":1,"croptopia:pear":2,"graveyard:corruption":2,"techreborn:raw_silver":19,"minecraft:candle":3,"minecraft:light_gray_wool":1,"minecraft:sugar_cane":163,"minecraft:phantom_membrane":2,"mcdw:bow_twisting_vine_bow":1,"minecraft:raw_iron":54,"minecraft:polished_blackstone_bricks":5,"fwaystones:waystone_scroll":1,"minecraft:arrow":22,"regions_unexplored:redstone_bulb":2,"mutantmonsters:mutant_skeleton_rib":5,"minecraft:saddle":1,"minecraft:netherite_boots":1,"minecraft:basalt":3,"modern_industrialization:raw_antimony":4,"minecraft:glow_ink_sac":3,"minecraft:cut_sandstone":19,"minecraft:leather":12,"minecraft:gunpowder":3,"minecraft:yellow_bed":2,"minecraft:cobblestone_stairs":2,"ironchests:crystal_chest":1,"minecraft:smooth_sandstone":4,"techreborn:rubber_fence":1,"bewitchment:mandrake_seeds":4,"minecraft:iron_ingot":85,"ironchests:copper_chest_upgrade":1,"artifacts:kitty_slippers":1,"betternether:barrel_cactus":3,"minecraft:soul_sand":12,"minecraft:acacia_sapling":1,"minecraft:book":12,"minecraft:oak_slab":32,"minecraft:pink_bed":1,"minecraft:pumpkin":4,"croptopia:starfruit":1,"minecraft:quartz":16,"minecraft:dandelion":2,"techreborn:insulated_copper_cable":1,"bewitchment:salt":27,"minecraft:amethyst_shard":18,"techreborn:basic_solar_panel":2,"minecraft:iron_helmet":1,"modern_industrialization:raw_lead":52,"minecraft:coal":95},"minecraft:killed_by":{"minecraft:piglin_brute":1,"mutantmonsters:mutant_creeper":3,"minecraft:zombie":5,"minecraft:husk":1,"mutantmonsters:mutant_enderman":1,"mutantmonsters:mutant_skeleton":1,"minecraft:drowned":3,"minecraft:piglin":1,"minecraft:blaze":1,"minecraft:player":2,"minecraft:iron_golem":4,"minecraft:skeleton":2},"minecraft:used":{"minecraft:writable_book":2,"minecraft:chest":25,"minecraft:rotten_flesh":1,"techreborn:compressor":2,"techreborn:insulated_copper_cable":24,"minecraft:weathered_copper":2,"minecraft:lava_bucket":2,"mutantmonsters:hulk_hammer":1,"minecraft:furnace":1,"minecraft:oak_sapling":6,"minecraft:diorite":2,"minecraft:stripped_birch_log":1,"techreborn:iron_alloy_furnace":1,"minecraft:wooden_pickaxe":24,"minecraft:blast_furnace":1,"mutantmonsters:mutant_skeleton_skull":1,"techreborn:block_breaker":1,"powah:energy_cell_starter":2,"minecraft:smithing_table":1,"minecraft:birch_log":3,"minecraft:enchanting_table":2,"minecraft:stone_sword":40,"techreborn:grinder":1,"botania:yellow_petal":1,"techreborn:iron_furnace":1,"croptopia:starfruit":1,"minecraft:stick":1,"minecraft:torch":105,"simplyswords:storms_edge":3,"minecraft:oak_fence_gate":2,"techreborn:extractor":3,"minecraft:iron_block":1,"minecraft:iron_axe":18,"techreborn:copper_cable":3,"techreborn:electric_furnace":2,"minecraft:water_bucket":7,"powah:energy_cell_basic":1,"minecraft:crafting_table":7,"techreborn:rubber_sapling":11,"minecraft:diamond_pickaxe":678,"ironchests:copper_chest_upgrade":2,"minecraft:iron_pickaxe":148,"ad_astra:sky_stone":6,"minecraft:cobblestone":102,"travelersbackpack:standard":1,"minecraft:porkchop":4,"minecraft:candle":3,"beachparty:rubber_ring_pelican":2,"fwaystones:waystone":1,"powah:furnator_starter":1,"minecraft:decorated_pot":1,"minecraft:shield":5,"ironchests:iron_chest_upgrade":1,"minecraft:iron_sword":6,"indrev:lead_shovel":374,"minecraft:iron_chestplate":1,"minecraft:white_candle":4,"endrem:cursed_eye":1,"minecraft:carrot":1,"minecraft:obsidian":10,"minecraft:glass":5,"ironchests:diamond_chest_upgrade":1,"mcdw:double_axe_double":185,"create:scoria":2,"minecraft:iron_helmet":1,"simplyswords:arcanethyst":852,"indrev:lead_axe":354,"croptopia:pear":2,"techreborn:advanced_solar_panel":1,"minecraft:stone_pickaxe":130,"minecraft:oak_planks":25,"minecraft:sandstone":21,"minecraft:sugar_cane":37,"betternether:pig_statue_respawner":1,"minecraft:bread":37,"techreborn:rubber_log":3,"minecraft:gravel":14,"croptopia:toast":1,"techreborn:solid_fuel_generator":2,"techreborn:rubber_fence":1,"minecraft:coarse_dirt":5,"minecraft:bone_meal":29,"minecraft:oak_fence":116,"minecraft:flint_and_steel":1,"ironchests:crystal_chest":1,"techreborn:auto_crafting_table":1,"ironchests:crystal_chest_upgrade":1,"minecraft:dirt":249,"minecraft:bookshelf":3,"modern_industrialization:nuclear_reactor":1,"croptopia:persimmon":8,"techreborn:resin_basin":3,"minecraft:cooked_mutton":5,"techreborn:basic_machine_frame":1,"minecraft:cobblestone_stairs":30,"minecraft:blue_wool":12,"minecraft:cut_sandstone":1,"minecraft:brown_mushroom":2,"ironchests:gold_chest_upgrade":1,"techreborn:industrial_centrifuge":1,"techreborn:basic_solar_panel":3,"minecraft:apple":2,"techreborn:alloy_smelter":1,"minecraft:bucket":17,"minecraft:yellow_bed":1,"minecraft:pumpkin_pie":1,"indrev:lead_pickaxe":467,"techreborn:basic_drill":67},"minecraft:broken":{"beachparty:rubber_ring_pelican":1,"minecraft:iron_pickaxe":1,"techreborn:treetap":1,"mcdw:double_axe_double":1}},"DataVersion":3465}