{"stats":{"minecraft:dropped":{"minecraft:iron_sword":2,"minecraft:soul_sand":50,"minecraft:brown_mushroom":1,"minecraft:porkchop":7,"croptopia:flour":28,"minecraft:oak_log":7,"spellbladenext:arcane_claymore":1,"minecraft:netherite_upgrade_smithing_template":1,"minecraft:leather":1,"minecraft:red_wool":4,"mcdw:bow_twisting_vine_bow":1,"minecraft:saddle":1,"minecraft:polished_blackstone_brick_wall":1,"indrev:sulfur_crystal":8,"minecraft:flint":1,"minecraft:red_mushroom":2,"minecraft:item_frame":1,"twigs:pebble":6,"paladins:golden_mace":1,"minecraft:cracked_polished_blackstone_bricks":8,"minecraft:dirt":103,"betternether:soul_sandstone_cut_slab":1,"minecraft:polished_blackstone_brick_stairs":2,"minecraft:netherite_boots":1,"beachparty:rubber_ring_pelican":1,"minecraft:gold_nugget":6,"betternether:agave":6,"minecraft:sand":2,"minecraft:polished_blackstone_bricks":10,"fishofthieves:grubs":2,"spellbladenext:flaming_falchion":2,"minecraft:gold_ingot":13,"minecraft:bone":4,"minecraft:gravel":24,"betternether:nether_cactus":3,"minecraft:blackstone":12,"betternether:jungle_moss":2,"mutantmonsters:hulk_hammer":1,"minecraft:golden_chestplate":2,"minecraft:cobbled_deepslate":22,"minecraft:wheat":9,"minecraft:obsidian":20,"minecraft:rotten_flesh":4,"minecraft:oak_planks":14,"simplyswords:diamond_twinblade":1,"minecraft:nether_brick_fence":3,"archers:ranger_armor_chest":1,"spellbladenext:arcane_orb":1,"techreborn:advanced_circuit":2,"minecraft:acacia_sapling":4,"minecraft:iron_bars":1,"minecraft:arrow":9,"minecraft:beef":2,"minecraft:cracked_nether_bricks":3,"minecraft:netherrack":70,"minecraft:bread":4,"minecraft:iron_ingot":68,"adventurez:gilded_blackstone_shard":1,"minecraft:wheat_seeds":9,"minecraft:polished_blackstone":2,"minecraft:diamond_leggings":2,"minecraft:netherite_chestplate":1,"minecraft:oak_fence":7,"minecraft:iron_helmet":2,"minecraft:cobblestone":14,"minecraft:apple":47,"techreborn:steel_ingot":1,"simplyswords:icewhisper":1,"minecraft:coal":3,"simplyswords:shadowsting":1,"minecraft:diorite":2,"archon:fireball_tome":1,"minecraft:torch":2,"bewitchment:garlic":2,"minecraft:polished_blackstone_brick_slab":2,"techreborn:data_storage_chip":11,"minecraft:string":5,"minecraft:bucket":1,"minecraft:dandelion":2,"betternether:basalt_bricks_slab":1,"minecraft:nether_brick_slab":3,"botania:purple_mushroom":1,"minecraft:stone_sword":1,"botania:blue_mushroom":2,"minecraft:tuff":1,"simplyswords:dormant_relic":1,"minecraft:raw_iron":14,"minecraft:iron_boots":1,"minecraft:villager_spawn_egg":2,"betternether:agave_leaf":5,"minecraft:name_tag":21,"minecraft:nether_bricks":6,"minecraft:flint_and_steel":1,"minecraft:red_nether_brick_stairs":4,"betternether:lapis_pile":7,"minecraft:filled_map":1,"travelersbackpack:emerald":2,"minecraft:diamond_sword":1,"minecraft:shield":1,"bewitchment:mandrake_seeds":2,"minecraft:oak_button":6,"fishofthieves:earthworms":34,"minecraft:diamond_chestplate":1,"simplyswords:storms_edge":1,"archon:scorch_tome":2,"minecraft:andesite":2,"minecraft:yellow_bed":1,"minecraft:golden_leggings":1,"minecraft:spider_eye":1,"minecraft:warped_button":1,"minecraft:diamond_boots":1,"minecraft:wooden_pickaxe":3,"minecraft:magma_block":1,"mutantmonsters:mutant_skeleton_rib":1,"artifacts:fire_gauntlet":1},"minecraft:custom":{"lootr:looted_stat":110,"minecraft:interact_with_crafting_table":81,"minecraft:open_barrel":1,"minecraft:bell_ring":2,"minecraft:leave_game":12,"minecraft:time_since_death":258687,"minecraft:damage_resisted":109,"minecraft:sprint_one_cm":727783,"minecraft:damage_blocked_by_shield":5087,"minecraft:drop":196,"minecraft:talked_to_villager":3,"minecraft:play_time":684037,"minecraft:deaths":6,"minecraft:jump":6148,"minecraft:walk_on_water_one_cm":79091,"minecraft:interact_with_furnace":13,"minecraft:interact_with_cartography_table":1,"minecraft:sleep_in_bed":7,"minecraft:damage_dealt":62046,"minecraft:player_kills":2,"minecraft:crouch_one_cm":39155,"minecraft:interact_with_smoker":1,"minecraft:interact_with_smithing_table":4,"minecraft:interact_with_anvil":24,"minecraft:mob_kills":303,"minecraft:damage_dealt_resisted":0,"minecraft:climb_one_cm":7235,"minecraft:walk_one_cm":2225884,"minecraft:sneak_time":17506,"minecraft:walk_under_water_one_cm":31228,"minecraft:boat_one_cm":1825,"minecraft:interact_with_blast_furnace":5,"minecraft:total_world_time":684037,"minecraft:interact_with_grindstone":1,"minecraft:hex":0,"minecraft:time_since_rest":59605,"minecraft:damage_taken":8912,"minecraft:damage_absorbed":161,"minecraft:swim_one_cm":54230,"minecraft:fly_one_cm":619327,"minecraft:open_chest":162,"minecraft:threat":1,"minecraft:fall_one_cm":181890},"minecraft:mined":{"minecraft:dark_oak_planks":1,"minecraft:blackstone_stairs":3,"minecraft:sculk_vein":3,"minecraft:red_nether_bricks":3,"minecraft:warped_stairs":2,"minecraft:granite":148,"minecraft:obsidian":3,"minecraft:chiseled_polished_blackstone":5,"minecraft:grass_block":897,"minecraft:cracked_polished_blackstone_bricks":37,"modern_industrialization:lignite_coal_ore":5,"minecraft:coal_block":2,"minecraft:soul_soil":14,"minecraft:polished_blackstone_brick_slab":18,"betternether:jungle_moss":1,"betternether:cincinnasite_ore":5,"minecraft:hopper":1,"minecraft:oak_wall_sign":8,"minecraft:spawner":12,"minecraft:nether_wart":1,"minecraft:gilded_blackstone":81,"minecraft:polished_blackstone_bricks":128,"minecraft:magma_block":1,"betternether:soul_sandstone_chiseled":1,"minecraft:glowstone":4,"regions_unexplored:pointed_redstone":1,"betternether:jungle_grass":27,"minecraft:red_nether_brick_stairs":1,"minecraft:iron_ore":64,"betternether:basalt_bricks":1,"betternether:soul_sandstone_cut_slab":1,"twigs:silt":3,"minecraft:nether_brick_stairs":3,"minecraft:dark_oak_stairs":2,"minecraft:oak_sign":1,"minecraft:dirt_path":130,"minecraft:iron_bars":1,"minecraft:oak_stairs":39,"powah:uraninite_ore_poor":2,"minecraft:deepslate_brick_stairs":1,"minecraft:brown_mushroom":1,"minecraft:blackstone":230,"regions_unexplored:white_magnolia_leaves":1,"minecraft:torch":8,"minecraft:chest":1,"indrev:sulfur_crystal":1,"minecraft:nether_quartz_ore":14,"minecraft:cobblestone":33,"minecraft:white_candle":2,"minecraft:grindstone":1,"minecraft:oak_planks":16,"minecraft:wall_torch":2,"minecraft:warped_planks":4,"betternether:egg_plant":3,"minecraft:grass":25,"minecraft:oak_log":23,"minecraft:oak_fence_gate":2,"minecraft:sand":86,"minecraft:dirt":1796,"techreborn:insulated_copper_cable":1,"minecraft:smooth_basalt":5,"minecraft:ancient_debris":1,"minecraft:netherrack":1169,"minecraft:oak_leaves":6,"minecraft:deepslate":72,"techreborn:sapphire_ore":4,"minecraft:nether_gold_ore":2,"minecraft:tuff":2,"minecraft:red_carpet":3,"minecraft:mossy_cobblestone":1,"minecraft:deepslate_diamond_ore":2,"minecraft:candle":1,"minecraft:nether_bricks":30,"minecraft:spruce_fence":2,"regions_unexplored:raw_redstone_block":24,"minecraft:cracked_nether_bricks":3,"minecraft:hay_block":15,"minecraft:furnace":1,"minecraft:polished_basalt":2,"betternether:basalt_bricks_wall":1,"create:scorchia":11,"minecraft:orange_stained_glass_pane":1,"minecraft:andesite":2,"treechop:chopped_log":8,"indrev:deepslate_nikolite_ore":2,"minecraft:gold_block":114,"betternether:pig_statue_respawner":2,"minecraft:nether_brick_fence":2,"betternether:wall_moss":1,"minecraft:deepslate_iron_ore":3,"bewitchment:salt_ore":3,"betternether:nether_lapis_ore":2,"regions_unexplored:medium_grass":3,"regions_unexplored:windswept_grass":3,"regions_unexplored:redwood_log":5,"minecraft:stone":658,"ad_astra:sky_stone":4,"minecraft:podzol":5,"betternether:basalt_bricks_slab":2,"minecraft:oak_slab":19,"minecraft:soul_sand":69,"minecraft:basalt":16,"minecraft:polished_blackstone_brick_wall":8,"supplementaries:ashen_basalt":1,"minecraft:oak_fence":15,"minecraft:crafting_table":6,"minecraft:cornflower":2,"minecraft:emerald_ore":1,"modern_industrialization:lead_ore":1,"minecraft:sculk_sensor":1,"minecraft:copper_ore":8,"betternether:bone_stairs":1,"minecraft:tall_grass":3,"minecraft:deepslate_gold_ore":8,"techreborn:tin_ore":8,"minecraft:polished_blackstone_brick_stairs":49,"betternether:rubeus_leaves":2,"minecraft:sculk":17,"minecraft:diorite":2,"supplementaries:urn":2,"techreborn:ruby_ore":2,"twigs:tangerine_seashell":1,"minecraft:coarse_dirt":3,"betternether:jungle_plant":3,"techreborn:cinnabar_ore":1,"minecraft:yellow_bed":8,"minecraft:coal_ore":34,"minecraft:gravel":22,"betternether:nether_cactus":1,"minecraft:acacia_planks":4,"minecraft:polished_blackstone":25,"minecraft:fern":2},"minecraft:killed":{"minecraft:cave_spider":1,"minecraft:zombified_piglin":12,"minecraft:spider":3,"naturalist:boar":1,"minecraft:skeleton":20,"minecraft:bee":1,"minecraft:chicken":1,"minecraft:piglin_brute":21,"minecraft:piglin":13,"minecraft:pig":1,"minecraft:zombie_villager":1,"naturalist:firefly":1,"minecraft:iron_golem":5,"minecraft:creeper":1,"minecraft:pillager":4,"tinyskeletons:baby_skeleton":3,"minecraft:zombie":18,"minecraft:blaze":67,"minecraft:cow":1,"promenade:duck":2,"bewitchment:ghost":1,"minecraft:drowned":4,"naturalist:giraffe":2,"adventurez:piglin_beast":1,"betternether:naga":3,"graveyard:ghoul":2,"minecraft:hoglin":7,"mutantmonsters:mutant_enderman":1,"mutantmonsters:creeper_minion":3,"tinyskeletons:baby_wither_skeleton":1,"minecraft:wither_skeleton":27,"minecraft:player":2,"minecraft:villager":8,"minecraft:enderman":4},"minecraft:crafted":{"minecraft:oak_planks":266,"minecraft:iron_boots":2,"minecraft:netherite_boots":1,"croptopia:flour":14,"minecraft:chest":7,"minecraft:netherite_helmet":1,"techreborn:rubber_fence":9,"minecraft:oak_fence":71,"minecraft:diamond_axe":1,"minecraft:crafting_table":4,"minecraft:wooden_pickaxe":1,"minecraft:iron_helmet":2,"minecraft:gold_block":1,"minecraft:iron_chestplate":2,"minecraft:shield":1,"minecraft:stick":160,"minecraft:iron_ingot":24,"minecraft:iron_pickaxe":2,"minecraft:iron_block":3,"minecraft:stone_sword":1,"minecraft:gold_ingot":16,"minecraft:netherite_ingot":1,"techreborn:rubber_planks":24,"minecraft:iron_nugget":9,"minecraft:furnace":1,"minecraft:netherite_chestplate":1,"minecraft:iron_axe":1,"minecraft:stone_pickaxe":1,"minecraft:diamond_boots":1,"mcdw:glaive_glaive":1,"minecraft:netherite_scrap":2,"minecraft:wheat":235,"paladins:diamond_great_hammer":1,"minecraft:iron_sword":1,"minecraft:air":0,"minecraft:bread":71,"minecraft:oak_fence_gate":9,"regions_unexplored:redwood_planks":6,"minecraft:iron_shovel":3,"minecraft:iron_leggings":2,"minecraft:anvil":1,"minecraft:acacia_planks":32,"minecraft:torch":86},"minecraft:picked_up":{"minecraft:wheat":3,"minecraft:nether_brick_fence":3,"minecraft:anvil":2,"botania:blue_mushroom":3,"betternether:pig_statue_respawner":2,"minecraft:oak_stairs":33,"betternether:agave":6,"minecraft:warped_stairs":2,"minecraft:golden_sword":1,"travelersbackpack:emerald":3,"minecraft:polished_blackstone_brick_stairs":33,"minecraft:string":6,"minecraft:soul_soil":12,"minecraft:raw_copper":6,"minecraft:red_nether_bricks":2,"minecraft:oak_sign":17,"minecraft:gold_nugget":221,"minecraft:cobbled_deepslate":81,"bosses_of_mass_destruction:soul_star":1,"minecraft:bucket":1,"twigs:pebble":8,"techreborn:rubber_log":7,"minecraft:coal_block":2,"regions_unexplored:redwood_log":2,"minecraft:iron_boots":1,"minecraft:furnace":1,"minecraft:polished_blackstone_brick_slab":3,"minecraft:oak_fence":8,"minecraft:torch":49,"minecraft:acacia_log":8,"minecraft:porkchop":11,"minecraft:villager_spawn_egg":2,"regions_unexplored:raw_redstone_block":10,"minecraft:diorite":2,"minecraft:warped_button":1,"indrev:lead_shovel":1,"betternether:cincinnasite":13,"betternether:lapis_pile":7,"mutantmonsters:hulk_hammer":1,"minecraft:rotten_flesh":23,"minecraft:netherite_chestplate":1,"minecraft:blaze_rod":29,"minecraft:deepslate_brick_stairs":1,"twigs:tangerine_seashell":3,"minecraft:obsidian":21,"minecraft:iron_bars":1,"minecraft:snowball":8,"minecraft:cobblestone":487,"minecraft:magma_block":1,"minecraft:feather":1,"betternether:jungle_moss":2,"minecraft:andesite":2,"croptopia:flour":14,"minecraft:golden_leggings":1,"minecraft:flint":2,"minecraft:tuff":1,"adventurez:gilded_blackstone_shard":1,"minecraft:wither_skeleton_skull":3,"minecraft:dirt":2394,"minecraft:name_tag":21,"minecraft:bone":43,"minecraft:acacia_planks":4,"minecraft:wheat_seeds":28,"minecraft:raw_gold":7,"minecraft:grindstone":1,"fishofthieves:earthworms":272,"minecraft:glowstone_dust":12,"twigs:twig":15,"minecraft:oak_planks":24,"minecraft:chiseled_polished_blackstone":5,"promenade:duck":2,"minecraft:sand":81,"techreborn:data_storage_chip":1,"minecraft:grass_block":2,"minecraft:lily_of_the_valley":1,"techreborn:sapphire_gem":18,"minecraft:barrel":3,"indrev:sulfur_crystal":8,"minecraft:white_candle":2,"minecraft:diamond":3,"minecraft:cracked_polished_blackstone_bricks":21,"minecraft:granite":64,"minecraft:emerald":5,"minecraft:bread":4,"archon:scorch_tome":1,"minecraft:oak_sapling":16,"minecraft:netherrack":323,"modern_industrialization:lignite_coal":3,"minecraft:coarse_dirt":4,"minecraft:crafting_table":6,"artifacts:night_vision_goggles":1,"minecraft:brown_mushroom":7,"minecraft:wooden_pickaxe":2,"minecraft:gold_block":107,"ad_astra:sky_stone":4,"promenade:blunite":3,"minecraft:shield":1,"minecraft:cornflower":1,"minecraft:netherite_scrap":1,"minecraft:item_frame":1,"twigs:opaline_seashell":1,"minecraft:blackstone":79,"betternether:soul_sandstone_cut_slab":1,"minecraft:candle":3,"minecraft:beef":2,"minecraft:oak_boat":2,"minecraft:poppy":4,"minecraft:chest":1,"minecraft:raw_iron":91,"botania:purple_mushroom":1,"minecraft:spruce_fence":1,"minecraft:polished_blackstone_bricks":81,"minecraft:carrot":2,"minecraft:redstone":25,"minecraft:dark_oak_planks":1,"bewitchment:garlic":2,"minecraft:arrow":57,"minecraft:nether_bricks":39,"minecraft:diamond_boots":1,"minecraft:hay_block":15,"mutantmonsters:mutant_skeleton_rib":2,"minecraft:gold_ingot":12,"minecraft:polished_blackstone":4,"endrem:cursed_eye":1,"minecraft:basalt":5,"minecraft:leather":3,"minecraft:red_mushroom":10,"fishofthieves:grubs":5,"minecraft:oak_log":63,"minecraft:ancient_debris":1,"minecraft:yellow_bed":9,"minecraft:gunpowder":4,"bewitchment:aconite_seeds":3,"betternether:basalt_bricks_slab":1,"betternether:nether_cactus":3,"betternether:agave_leaf":5,"minecraft:red_carpet":1,"minecraft:red_nether_brick_stairs":4,"minecraft:apple":1,"bewitchment:mandrake_seeds":2,"minecraft:iron_ingot":30,"minecraft:iron_sword":2,"minecraft:acacia_sapling":4,"minecraft:soul_sand":54,"minecraft:dark_oak_stairs":2,"minecraft:oak_slab":27,"minecraft:smooth_basalt":3,"minecraft:sweet_berries":1,"minecraft:quartz":25,"minecraft:cracked_nether_bricks":3,"minecraft:dandelion":2,"minecraft:gravel":59,"techreborn:insulated_copper_cable":1,"bewitchment:belladonna_seeds":5,"powah:uraninite_raw":6,"bewitchment:salt":10,"minecraft:nether_brick_slab":3,"minecraft:spider_eye":1,"simplyswords:icewhisper":1,"minecraft:polished_blackstone_brick_wall":1,"minecraft:oak_button":15,"minecraft:coal":45,"minecraft:hopper":2,"minecraft:ender_pearl":3},"minecraft:killed_by":{"mutantmonsters:mutant_creeper":1,"minecraft:zombie":1,"minecraft:iron_golem":3},"minecraft:used":{"minecraft:iron_shovel":593,"minecraft:polished_blackstone":2,"minecraft:oak_sign":14,"minecraft:poppy":14,"minecraft:shield":93,"minecraft:chest":9,"minecraft:iron_sword":309,"minecraft:zombie_spawn_egg":8,"mutantmonsters:mutant_skeleton_spawn_egg":1,"indrev:lead_shovel":187,"minecraft:iron_chestplate":1,"techreborn:insulated_copper_cable":1,"minecraft:soul_sand":4,"endrem:cursed_eye":2,"minecraft:nether_bricks":33,"minecraft:carrot":3,"minecraft:obsidian":1,"minecraft:snowball":8,"travelersbackpack:emerald":14,"mutantmonsters:mutant_creeper_spawn_egg":1,"techreborn:rubber_planks":2,"minecraft:lava_bucket":2,"minecraft:villager_spawn_egg":21,"spellbladenext:frost_orb":8,"minecraft:red_wool":17,"minecraft:grass_block":1,"mutantmonsters:mutant_enderman_spawn_egg":1,"minecraft:iron_helmet":1,"minecraft:golden_sword":12,"minecraft:bow":14,"minecraft:hay_block":1,"minecraft:furnace":2,"simplyswords:waxweaver":32,"betterend:spawn_egg_cubozoa":1,"minecraft:diamond_boots":1,"minecraft:oak_planks":7,"minecraft:stone_pickaxe":92,"minecraft:blackstone":66,"the_bumblezone:stinger_spear":42,"minecraft:wooden_pickaxe":24,"paladins:diamond_great_hammer":3,"ae2:fluix_sword":39,"minecraft:diamond_axe":7,"ae2:certus_quartz_hoe":9,"minecraft:netherite_helmet":1,"minecraft:deepslate_brick_stairs":1,"betternether:pig_statue_respawner":1,"techreborn:rubber_log":1,"minecraft:bread":141,"minecraft:string":1,"the_bumblezone:variant_bee_spawn_egg":3,"paladins:crusader_armor_legs":1,"minecraft:gravel":35,"mutantmonsters:mutant_snow_golem_spawn_egg":1,"minecraft:diamond_sword":910,"minecraft:coal_block":2,"promenade:blunite":1,"minecraft:grindstone":1,"techreborn:rubber_fence":9,"minecraft:oak_boat":5,"minecraft:coarse_dirt":116,"endrem:nether_eye":1,"minecraft:experience_bottle":128,"minecraft:oak_fence":84,"minecraft:oak_trapdoor":4,"minecraft:polished_blackstone_brick_slab":1,"minecraft:stone_sword":46,"minecraft:flint_and_steel":6,"mcdw:glaive_glaive":31,"minecraft:netherrack":254,"minecraft:torch":231,"minecraft:anvil":5,"minecraft:dirt":754,"minecraft:hopper":2,"minecraft:diamond_helmet":2,"archers:heavy_crossbow":2,"minecraft:golden_shovel":4,"minecraft:granite":17,"minecraft:spruce_fence":1,"minecraft:oak_fence_gate":11,"minecraft:iron_axe":119,"minecraft:oak_stairs":1,"minecraft:polished_blackstone_brick_stairs":31,"minecells:leaping_zombie_spawn_egg":1,"minecraft:barrel":3,"minecraft:smooth_basalt":3,"minecraft:diamond_chestplate":2,"minecraft:basalt":4,"minecraft:warped_stairs":2,"minecraft:soul_soil":12,"minecraft:cobbled_deepslate":55,"minecraft:acacia_planks":30,"minecraft:enchanted_golden_apple":1,"minecraft:golden_axe":25,"minecraft:iron_leggings":1,"minecraft:water_bucket":12,"minecraft:netherite_chestplate":1,"minecraft:red_nether_bricks":2,"minecraft:cobblestone_slab":7,"minecraft:polished_blackstone_bricks":13,"betterend:spawn_egg_shadow_walker":1,"minecraft:oak_slab":3,"minecraft:crafting_table":9,"minecells:mutated_bat_spawn_egg":1,"minecraft:oak_log":3,"minecraft:diamond_pickaxe":2815,"minecraft:apple":19,"minecraft:diamond_shovel":2437,"minecraft:iron_pickaxe":270,"minecraft:oak_button":6,"ad_astra:sky_stone":1,"mutantmonsters:mutant_zombie_spawn_egg":2,"minecraft:cobblestone":276,"minecraft:cooked_porkchop":6,"minecraft:bucket":12,"minecraft:yellow_bed":16,"minecraft:diamond_leggings":1,"beachparty:rubber_ring_pelican":2},"minecraft:broken":{"minecraft:golden_helmet":1,"minecraft:iron_shovel":2,"minecraft:iron_boots":1,"minecraft:iron_leggings":1,"minecraft:stone_pickaxe":1,"minecraft:golden_sword":1,"beachparty:rubber_ring_pelican":1,"minecraft:golden_axe":1}},"DataVersion":3465}